기간,지표,24-02(원),25-02(원),26-02(원),전년대비증감(원)
당월,순수주,1976000000,1111400000,1458900000,347500000
당월,순매출,2060100000,2044500000,2526000000,481500000
당월,과제기여,0,0,45000000,45000000
당월,인건비,1183000000,1297000000,1280000000,-17000000
당월,경비,523000000,432000000,458000000,26000000
당월,영업이익,354100000,315500000,833000000,517500000
누계,순수주,7530400000,7361800000,7884300000,522500000
누계,순매출,7367200000,9849600000,8236300000,-1613300000
누계,과제기여,80000000,80000000,45000000,-35000000
누계,인건비,5975000000,6421000000,6536000000,115000000
누계,경비,2445000000,2430000000,2398000000,-32000000
누계,영업이익,-972800000,1078600000,-652700000,-1731300000
