지표,기간,제품군,24-02(원),25-02(원),26-02(원)
순수주,당월,DRM,0,99400000,236600000
순수주,당월,DLP,657500000,63700000,0
순수주,당월,콘텐츠보안,0,168200000,0
순수주,당월,모바일보안,0,198000000,200000000
순수주,당월,위변조방지,718800000,0,340700000
순수주,당월,영상플랫폼,46900000,0,185700000
순수주,당월,유지보수,552800000,582100000,495900000
순수주,당월,TOTAL,1976000000,1111400000,1458900000
순수주,누계,DRM,1065000000,3090500000,1816700000
순수주,누계,DLP,1415200000,63700000,321800000
순수주,누계,콘텐츠보안,0,538400000,0
순수주,누계,모바일보안,161800000,396500000,241900000
순수주,누계,위변조방지,1796300000,149700000,1133500000
순수주,누계,영상플랫폼,969600000,263400000,1318900000
순수주,누계,유지보수,2122500000,2859600000,3051500000
순수주,누계,TOTAL,7530400000,7361800000,7884300000
순매출,당월,DRM,0,380400000,657300000
순매출,당월,DLP,270900000,0,0
순매출,당월,콘텐츠보안,0,351700000,317500000
순매출,당월,모바일보안,182200000,209400000,0
순매출,당월,위변조방지,203100000,554900000,454700000
순매출,당월,영상플랫폼,290900000,29900000,356900000
순매출,당월,유지보수,1113000000,518200000,739600000
순매출,당월,TOTAL,2060100000,2044500000,2526000000
순매출,누계,DRM,1409500000,3032500000,2004400000
순매출,누계,DLP,840300000,0,307700000
순매출,누계,콘텐츠보안,0,634000000,317500000
순매출,누계,모바일보안,792600000,759400000,164100000
순매출,누계,위변조방지,586100000,911700000,1806600000
순매출,누계,영상플랫폼,1264000000,995700000,947200000
순매출,누계,유지보수,2474700000,3516300000,2688800000
순매출,누계,TOTAL,7367200000,9849600000,8236300000
