사업연도,순번,월,월순수주(원),월순매출(원),누적순수주(원),누적순매출(원)
FY2024,1,2023-10,1995200000,805200000,1995200000,805200000
FY2024,2,2023-11,972600000,782300000,2967800000,1587500000
FY2024,3,2023-12,1305300000,2507400000,4273100000,4094900000
FY2024,4,2024-01,1281300000,1212200000,5554400000,5307100000
FY2024,5,2024-02,1976000000,2060100000,7530400000,7367200000
FY2024,6,2024-03,1655500000,1395600000,9185900000,8762800000
FY2024,7,2024-04,1467200000,2773100000,10653100000,11535900000
FY2024,8,2024-05,1682000000,989800000,12335100000,12525700000
FY2024,9,2024-06,1673200000,1765600000,14008300000,14291300000
FY2024,10,2024-07,1544700000,1718600000,15553000000,16009900000
FY2024,11,2024-08,2132500000,1296300000,17685500000,17306200000
FY2024,12,2024-09,1706800000,927600000,19392300000,18233800000
FY2025,1,2024-10,1569300000,248900000,1569300000,248900000
FY2025,2,2024-11,1621500000,1061200000,3190800000,1310100000
FY2025,3,2024-12,1397300000,5262000000,4588100000,6572100000
FY2025,4,2025-01,1662300000,1233000000,6250400000,7805100000
FY2025,5,2025-02,1111400000,2044500000,7361800000,9849600000
FY2025,6,2025-03,1600100000,1849900000,8961900000,11699500000
FY2025,7,2025-04,1923700000,1765800000,10885600000,13465300000
FY2025,8,2025-05,1507700000,968000000,12393300000,14433300000
FY2025,9,2025-06,1565000000,581500000,13958300000,15014800000
FY2025,10,2025-07,1212000000,1038300000,15170300000,16053100000
FY2025,11,2025-08,1665800000,1710500000,16836100000,17763600000
FY2025,12,2025-09,1379300000,1728900000,18215400000,19492500000
FY2026,1,2025-10,1324200000,1574100000,1324200000,1574100000
FY2026,2,2025-11,1577700000,426200000,2901900000,2000300000
FY2026,3,2025-12,1615100000,2877900000,4517000000,4878200000
FY2026,4,2026-01,1908400000,832100000,6425400000,5710300000
FY2026,5,2026-02,1458900000,2526000000,7884300000,8236300000
FY2026,6,2026-03,,,,
FY2026,7,2026-04,,,,
FY2026,8,2026-05,,,,
FY2026,9,2026-06,,,,
FY2026,10,2026-07,,,,
FY2026,11,2026-08,,,,
FY2026,12,2026-09,,,,
