매출일,PJT코드,PJT명칭,거래처,제품군,구분,부서,담당,매출금액,외주비,세금계산서번호
2023-04-23,M2304-007,,,전자문서,유지보수,유지보수,,"168,800,000",0,T00007
2023-04-27,M2304-005,,,전자문서,유지보수,유지보수,,"68,900,000",0,T00005
2023-05-12,M2305-014,,,DRM,유지보수,유지보수,,"83,800,000",0,T00014
2023-06-04,P2304-004,,,DRM,구축,마케팅실,,"123,400,000",0,T00004
2023-06-04,P2306-020,,,DRM,구축,MCG,,"149,100,000","7,500,000",T00020
2023-06-12,M2304-006,,,DRM,유지보수,유지보수,,"82,400,000",0,T00006
2023-06-24,P2304-002,,,전자문서,구축,MCG,,"117,800,000","11,800,000",T00002
2023-07-05,P2305-010,,,DRM,구축,MCG,,"133,600,000","13,400,000",T00010
2023-07-06,P2305-012,,,DLP,구축,전략실,,"303,300,000",0,T00012
2023-07-07,P2306-019,,,전자문서,구축,전략실,,"331,200,000",0,T00019
2023-07-08,P2307-024,,,모바일보안,구축,MCG,,"201,600,000","10,100,000",T00024
2023-07-12,M2307-031,,,전자문서,유지보수,유지보수,,"169,400,000",0,T00031
2023-07-13,M2304-008,,,DRM,유지보수,유지보수,,"42,700,000",0,T00008
2023-08-15,P2308-033,,,DRM,구축,MCG,,"281,200,000","14,100,000",T00033
2023-08-17,M2306-022,,,전자문서,유지보수,유지보수,,"197,000,000",0,T00022
2023-08-26,P2304-001,,,DRM,구축,전략실,,"284,600,000",0,T00001
2023-09-01,M2308-039,,,DRM,유지보수,유지보수,,"118,800,000",0,T00039
2023-09-09,P2305-011,,,DRM,구축,전략실,,"354,900,000",0,T00011
2023-09-11,P2309-044,,,DRM,구축,전략실,,"176,800,000",0,T00044
2023-09-12,M2307-029,,,DRM,유지보수,유지보수,,"52,200,000",0,T00029
2023-09-19,P2307-027,,,영상플랫폼,구축,MCG,,"231,500,000","11,600,000",T00027
2023-09-20,M2309-047,,,DRM,유지보수,유지보수,,"258,700,000",0,T00047
2023-09-23,P2307-026,,,DRM,구축,MCG,,"358,800,000",0,T00026
2023-09-25,P2307-028,,,전자문서,구축,MCG,,"32,500,000",0,T00028
2023-09-25,P2308-034,,,전자문서,구축,마케팅실,,"248,300,000","24,800,000",T00034
2023-10-06,P2306-018,,,DRM,구축,MCG,,"317,500,000",0,T00018
2023-10-09,P2308-035,,,영상플랫폼,구축,MCG,,"376,400,000","18,800,000",T00035
2023-10-17,P2306-017,,,영상플랫폼,구축,마케팅실,,"130,100,000",0,T00017
2023-11-12,P2308-036,,,DRM,구축,마케팅실,,"367,300,000","18,400,000",T00036
2023-11-14,P2305-013,,,DLP,구축,MCG,,"121,000,000",0,T00013
2023-11-15,P2307-025,,,DRM,구축,마케팅실,,"137,900,000","13,800,000",T00025
2023-11-16,M2307-032,,,영상플랫폼,유지보수,유지보수,,"100,500,000",0,T00032
2023-11-17,M2305-015,,,DRM,유지보수,유지보수,,"87,800,000",0,T00015
2023-12-05,M2307-030,,,전자문서,유지보수,유지보수,,"199,000,000",0,T00030
2023-12-06,M2306-021,,,영상플랫폼,유지보수,유지보수,,"120,500,000",0,T00021
2023-12-07,P2306-016,,,모바일보안,구축,전략실,,"309,700,000",0,T00016
2023-12-15,P2311-061,,,DRM,구축,MCG,,"221,100,000",0,T00061
2023-12-17,M2308-040,,,전자문서,유지보수,유지보수,,"126,700,000",0,T00040
2023-12-17,M2310-056,,,전자문서,유지보수,유지보수,,"163,000,000",0,T00056
2023-12-24,P2305-009,,,영상플랫폼,구축,전략실,,"262,300,000",0,T00009
2023-12-24,P2307-023,,,DLP,구축,전략실,,"201,100,000","10,100,000",T00023
2023-12-24,P2308-037,,,DRM,구축,전략실,,"122,900,000","12,300,000",T00037
2023-12-25,P2304-003,,,영상플랫폼,구축,MCG,,"223,100,000",0,T00003
2023-12-25,P2311-058,,,모바일보안,구축,MCG,,"161,800,000","16,200,000",T00058
2023-12-27,M2308-041,,,DRM,유지보수,유지보수,,"212,800,000",0,T00041
2023-12-28,M2310-057,,,DRM,유지보수,유지보수,,"222,000,000",0,T00057
2024-01-07,M2309-048,,,DLP,유지보수,유지보수,,"129,400,000",0,T00048
2024-01-13,P2310-053,,,DLP,구축,전략실,,"257,400,000",0,T00053
2024-01-14,P2309-046,,,DRM,구축,MCG,,"169,300,000","16,900,000",T00046
2024-01-15,P2309-045,,,모바일보안,구축,MCG,,"163,300,000","8,200,000",T00045
2024-01-16,P2310-050,,,전자문서,구축,MCG,,"102,100,000",0,T00050
2024-01-20,P2401-076,,,전자문서,구축,MCG,,"312,100,000","31,200,000",T00076
2024-01-28,P2309-043,,,DRM,구축,MCG,,"149,900,000","15,000,000",T00043
2024-02-02,M2308-042,,,영상플랫폼,유지보수,유지보수,,"166,300,000",0,T00042
2024-02-03,M2401-077,,,DRM,유지보수,유지보수,,"67,000,000",0,T00077
2024-02-06,P2310-054,,,전자문서,구축,MCG,,"136,700,000",0,T00054
2024-02-06,M2311-062,,,DRM,유지보수,유지보수,,"224,100,000",0,T00062
2024-02-07,P2311-059,,,영상플랫폼,구축,MCG,,"231,000,000",0,T00059
2024-02-07,P2401-073,,,영상플랫폼,구축,MCG,,"59,900,000",0,T00073
2024-02-09,P2308-038,,,모바일보안,구축,MCG,,"182,200,000",0,T00038
2024-02-15,P2310-052,,,DLP,구축,마케팅실,,"270,900,000",0,T00052
2024-02-17,M2310-055,,,DLP,유지보수,유지보수,,"251,000,000",0,T00055
2024-02-17,P2311-060,,,전자문서,구축,전략실,,"73,800,000","7,400,000",T00060
2024-02-22,M2312-069,,,DRM,유지보수,유지보수,,"91,900,000",0,T00069
2024-02-27,M2402-087,,,전자문서,유지보수,유지보수,,"164,200,000",0,T00087
2024-02-28,M2312-070,,,전자문서,유지보수,유지보수,,"148,500,000",0,T00070
2024-03-04,M2311-063,,,DRM,유지보수,유지보수,,"68,300,000",0,T00063
2024-03-09,P2401-071,,,DLP,구축,전략실,,"236,500,000","11,800,000",T00071
2024-03-11,P2403-090,,,CMT,구축,MCG,,"259,100,000",0,T00090
2024-03-12,P2401-074,,,영상플랫폼,구축,MCG,,"269,000,000","26,900,000",T00074
2024-03-12,M2401-079,,,DRM,유지보수,유지보수,,"69,000,000",0,T00079
2024-03-18,P2403-092,,,DRM,구축,MCG,,"340,400,000","17,000,000",T00092
2024-03-23,P2312-067,,,DRM,구축,MCG,,"220,000,000","11,000,000",T00067
2024-04-02,P2401-072,,,전자문서,구축,MCG,,"198,600,000","9,900,000",T00072
2024-04-03,P2402-085,,,영상플랫폼,구축,MCG,,"48,400,000",0,T00085
2024-04-05,P2310-049,,,영상플랫폼,구축,MCG,,"292,500,000","14,600,000",T00049
2024-04-06,P2402-081,,,DLP,구축,MCG,,"316,800,000","15,800,000",T00081
2024-04-06,P2402-083,,,전자문서,구축,전략실,,"260,700,000",0,T00083
2024-04-09,M2402-086,,,DRM,유지보수,유지보수,,"149,900,000",0,T00086
2024-04-16,P2402-082,,,DLP,구축,전략실,,"350,700,000","35,100,000",T00082
2024-04-18,P2401-075,,,DRM,구축,MCG,,"73,400,000",0,T00075
2024-04-19,P2312-065,,,전자문서,구축,MCG,,"347,400,000",0,T00065
2024-04-23,P2310-051,,,DRM,구축,MCG,,"366,100,000","18,300,000",T00051
2024-04-23,M2403-098,,,전자문서,유지보수,유지보수,,"150,700,000",0,T00098
2024-04-27,P2312-064,,,영상플랫폼,구축,전략실,,"105,600,000",0,T00064
2024-04-28,M2312-068,,,DRM,유지보수,유지보수,,"206,000,000",0,T00068
2024-05-03,P2402-084,,,전자문서,구축,마케팅실,,"297,200,000","14,900,000",T00084
2024-05-06,M2404-106,,,전자문서,유지보수,유지보수,,"76,200,000",0,T00106
2024-05-08,M2401-078,,,전자문서,유지보수,유지보수,,"58,900,000",0,T00078
2024-05-09,M2403-096,,,DRM,유지보수,유지보수,,"169,100,000",0,T00096
2024-05-14,M2402-089,,,영상플랫폼,유지보수,유지보수,,"121,400,000",0,T00089
2024-05-19,P2403-094,,,전자문서,구축,전략실,,"41,000,000","4,100,000",T00094
2024-05-24,M2403-097,,,DRM,유지보수,유지보수,,"245,000,000",0,T00097
2024-06-06,P2403-091,,,DRM,구축,MCG,,"85,700,000",0,T00091
2024-06-08,P2404-100,,,전자문서,구축,MCG,,"50,900,000","5,100,000",T00100
2024-06-13,P2404-099,,,전자문서,구축,마케팅실,,"384,200,000",0,T00099
2024-06-14,M2402-088,,,DRM,유지보수,유지보수,,"117,300,000",0,T00088
2024-06-15,P2406-119,,,영상플랫폼,구축,MCG,,"58,600,000",0,T00119
2024-06-16,P2312-066,,,DRM,구축,전략실,,"216,900,000","21,700,000",T00066
2024-06-17,M2406-121,,,DRM,유지보수,유지보수,,"176,800,000",0,T00121
2024-06-18,P2404-102,,,DLP,구축,마케팅실,,"80,600,000","8,100,000",T00102
2024-06-18,P2406-120,,,DRM,구축,전략실,,"266,200,000",0,T00120
2024-06-26,M2404-103,,,DRM,유지보수,유지보수,,"139,000,000",0,T00103
2024-06-28,P2403-095,,,DRM,구축,마케팅실,,"236,100,000","11,800,000",T00095
2024-07-03,M2404-104,,,DRM,유지보수,유지보수,,"250,300,000",0,T00104
2024-07-05,M2407-130,,,DLP,유지보수,유지보수,,"153,600,000",0,T00130
2024-07-09,P2405-110,,,콘텐츠보안,구축,MCG,,"241,500,000","24,200,000",T00110
2024-07-10,P2405-107,,,DRM,구축,마케팅실,,"179,100,000",0,T00107
2024-07-10,P2407-125,,,DLP,구축,MCG,,"343,400,000","34,300,000",T00125
2024-07-16,P2403-093,,,모바일보안,구축,마케팅실,,"164,200,000","8,200,000",T00093
2024-07-22,P2405-112,,,영상플랫폼,구축,MCG,,"97,800,000",0,T00112
2024-07-24,P2405-109,,,DRM,구축,MCG,,"355,400,000",0,T00109
2024-08-04,M2408-139,,,영상플랫폼,유지보수,유지보수,,"227,800,000",0,T00139
2024-08-06,P2405-111,,,전자문서,구축,MCG,,"54,000,000","2,700,000",T00111
2024-08-09,M2408-137,,,영상플랫폼,유지보수,유지보수,,"96,600,000",0,T00137
2024-08-17,M2406-122,,,DRM,유지보수,유지보수,,"52,000,000",0,T00122
2024-08-18,P2406-115,,,DRM,구축,전략실,,"334,200,000",0,T00115
2024-08-20,P2406-118,,,DLP,구축,MCG,,"80,000,000","4,000,000",T00118
2024-08-21,P2402-080,,,전자문서,구축,MCG,,"191,600,000","19,200,000",T00080
2024-08-27,P2406-117,,,DRM,구축,MCG,,"286,000,000",0,T00117
2024-09-13,P2407-124,,,영상플랫폼,구축,전략실,,"154,700,000",0,T00124
2024-09-17,M2409-147,,,DLP,유지보수,유지보수,,"216,300,000",0,T00147
2024-09-20,P2407-128,,,DLP,구축,마케팅실,,"243,800,000","24,400,000",T00128
2024-09-21,P2405-108,,,콘텐츠보안,구축,MCG,,"337,200,000",0,T00108
2024-10-16,P2407-126,,,전자문서,구축,전략실,,"52,200,000",0,T00126
2024-10-18,M2404-105,,,DRM,유지보수,유지보수,,"196,700,000",0,T00105
2024-11-06,P2408-136,,,DRM,구축,전략실,,"104,900,000",0,T00136
2024-11-08,M2408-140,,,DRM,유지보수,유지보수,,"144,900,000",0,T00140
2024-11-21,P2409-143,,,영상플랫폼,구축,MCG,,"254,200,000","25,400,000",T00143
2024-11-22,P2409-145,,,모바일보안,구축,MCG,,"320,700,000",0,T00145
2024-11-23,M2405-114,,,DRM,유지보수,유지보수,,"261,900,000",0,T00114
2024-12-01,P2408-135,,,DRM,구축,MCG,,"386,900,000","19,300,000",T00135
2024-12-01,M2410-153,,,DRM,유지보수,유지보수,,"215,200,000",0,T00153
2024-12-02,M2406-123,,,DRM,유지보수,유지보수,,"140,400,000",0,T00123
2024-12-02,P2409-144,,,전자문서,구축,MCG,,"304,600,000",0,T00144
2024-12-03,P2411-156,,,DRM,구축,마케팅실,,"424,400,000",0,T00156
2024-12-07,M2407-129,,,DLP,유지보수,유지보수,,"271,700,000",0,T00129
2024-12-07,P2410-150,,,모바일보안,구축,마케팅실,,"204,600,000","10,200,000",T00150
2024-12-08,P2408-132,,,콘텐츠보안,구축,전략실,,"297,200,000","14,900,000",T00132
2024-12-08,M2410-155,,,DRM,유지보수,유지보수,,"267,100,000",0,T00155
2024-12-09,P2410-152,,,DRM,구축,마케팅실,,"40,100,000",0,T00152
2024-12-10,M2412-168,,,전자문서,유지보수,유지보수,,"211,900,000",0,T00168
2024-12-13,P2406-116,,,DRM,구축,마케팅실,,"334,900,000",0,T00116
2024-12-13,P2408-133,,,영상플랫폼,구축,마케팅실,,"316,000,000","31,600,000",T00133
2024-12-13,P2410-151,,,DRM,구축,MCG,,"233,600,000","23,400,000",T00151
2024-12-14,M2408-138,,,영상플랫폼,유지보수,유지보수,,"200,600,000",0,T00138
2024-12-15,P2404-101,,,DRM,구축,MCG,,"302,800,000",0,T00101
2024-12-16,M2405-113,,,전자문서,유지보수,유지보수,,"236,000,000",0,T00113
2024-12-20,P2410-149,,,DRM,구축,MCG,,"342,400,000",0,T00149
2024-12-21,P2409-146,,,모바일보안,구축,마케팅실,,"34,900,000",0,T00146
2024-12-23,P2409-141,,,영상플랫폼,구축,MCG,,"235,500,000","23,600,000",T00141
2024-12-24,M2409-148,,,DRM,유지보수,유지보수,,"111,800,000",0,T00148
2024-12-28,M2410-154,,,DRM,유지보수,유지보수,,"272,400,000",0,T00154
2025-01-01,P2411-159,,,영상플랫폼,구축,MCG,,"240,700,000",0,T00159
2025-01-03,M2501-176,,,DRM,유지보수,유지보수,,"200,000,000",0,T00176
2025-01-06,P2407-127,,,DRM,구축,MCG,,"134,500,000","6,700,000",T00127
2025-01-08,P2501-172,,,DRM,구축,MCG,,"397,000,000",0,T00172
2025-01-18,M2407-131,,,영상플랫폼,유지보수,유지보수,,"267,500,000",0,T00131
2025-02-04,M2412-167,,,DRM,유지보수,유지보수,,"56,700,000",0,T00167
2025-02-05,P2412-163,,,콘텐츠보안,구축,마케팅실,,"370,200,000","18,500,000",T00163
2025-02-13,M2502-184,,,DRM,유지보수,유지보수,,"102,600,000",0,T00184
2025-02-14,P2412-162,,,영상플랫폼,구축,MCG,,"29,900,000",0,T00162
2025-02-14,M2502-182,,,DLP,유지보수,유지보수,,"279,700,000",0,T00182
2025-02-15,P2408-134,,,전자문서,구축,MCG,,"395,800,000",0,T00134
2025-02-15,P2412-164,,,전자문서,구축,MCG,,"159,100,000",0,T00164
2025-02-24,M2412-166,,,DRM,유지보수,유지보수,,"79,200,000",0,T00166
2025-02-28,P2411-157,,,DRM,구축,마케팅실,,"380,400,000",0,T00157
2025-02-28,P2502-177,,,모바일보안,구축,마케팅실,,"220,400,000","11,000,000",T00177
2025-03-04,M2411-160,,,DRM,유지보수,유지보수,,"181,000,000",0,T00160
2025-03-08,P2411-158,,,DRM,구축,전략실,,"219,500,000",0,T00158
2025-03-08,M2502-183,,,전자문서,유지보수,유지보수,,"199,800,000",0,T00183
2025-03-17,P2412-165,,,DRM,구축,MCG,,"375,600,000",0,T00165
2025-03-21,P2501-170,,,DRM,구축,MCG,,"313,500,000",0,T00170
2025-03-21,P2502-181,,,DRM,구축,MCG,,"69,100,000","6,900,000",T00181
2025-03-28,P2409-142,,,DRM,구축,MCG,,"338,900,000","16,900,000",T00142
2025-03-28,M2501-175,,,DRM,유지보수,유지보수,,"176,300,000",0,T00175
2025-04-06,P2504-195,,,콘텐츠보안,구축,MCG,,"159,100,000","15,900,000",T00195
2025-04-11,M2503-192,,,영상플랫폼,유지보수,유지보수,,"76,000,000",0,T00192
2025-04-12,P2503-186,,,영상플랫폼,구축,MCG,,"249,600,000","25,000,000",T00186
2025-04-15,M2412-169,,,DRM,유지보수,유지보수,,"124,100,000",0,T00169
2025-04-15,M2503-191,,,DRM,유지보수,유지보수,,"202,900,000",0,T00191
2025-04-15,P2504-194,,,영상플랫폼,구축,MCG,,"258,000,000","25,800,000",T00194
2025-04-16,M2501-174,,,영상플랫폼,유지보수,유지보수,,"279,500,000",0,T00174
2025-04-20,P2504-199,,,영상플랫폼,구축,전략실,,"198,100,000","9,900,000",T00199
2025-04-28,P2504-198,,,DRM,구축,MCG,,"295,100,000",0,T00198
2025-05-03,P2501-171,,,DRM,구축,MCG,,"184,900,000","18,500,000",T00171
2025-05-07,M2411-161,,,영상플랫폼,유지보수,유지보수,,"214,100,000",0,T00161
2025-05-09,P2505-208,,,DLP,구축,MCG,,"84,300,000",0,T00208
2025-05-17,P2503-189,,,DRM,구축,MCG,,"100,700,000",0,T00189
2025-05-26,P2503-190,,,DRM,구축,전략실,,"402,500,000",0,T00190
2025-06-03,M2505-211,,,DRM,유지보수,유지보수,,"262,800,000",0,T00211
2025-06-05,M2504-201,,,영상플랫폼,유지보수,유지보수,,"82,800,000",0,T00201
2025-06-21,P2502-180,,,콘텐츠보안,구축,MCG,,"174,000,000",0,T00180
2025-06-25,P2502-179,,,DLP,구축,MCG,,"68,800,000","6,900,000",T00179
2025-07-03,P2501-173,,,DRM,구축,마케팅실,,"157,000,000","7,800,000",T00173
2025-07-07,P2503-188,,,전자문서,구축,MCG,,"182,600,000","18,300,000",T00188
2025-07-07,M2504-200,,,영상플랫폼,유지보수,유지보수,,"233,300,000",0,T00200
2025-07-07,M2504-202,,,전자문서,유지보수,유지보수,,"113,400,000",0,T00202
2025-07-11,M2504-203,,,전자문서,유지보수,유지보수,,"200,600,000",0,T00203
2025-07-11,P2507-222,,,전자문서,구축,MCG,,"115,700,000",0,T00222
2025-07-15,P2505-204,,,영상플랫폼,구축,마케팅실,,"65,100,000","3,300,000",T00204
2025-08-01,P2506-216,,,DRM,구축,전략실,,"190,100,000","9,500,000",T00216
2025-08-04,P2506-214,,,DRM,구축,MCG,,"52,800,000","5,300,000",T00214
2025-08-12,P2504-196,,,영상플랫폼,구축,MCG,,"357,500,000",0,T00196
2025-08-12,P2507-224,,,DRM,구축,전략실,,"76,200,000","3,800,000",T00224
2025-08-17,P2505-205,,,전자문서,구축,전략실,,"133,700,000",0,T00205
2025-08-21,P2505-207,,,DRM,구축,전략실,,"104,000,000","10,400,000",T00207
2025-08-22,P2502-178,,,DRM,구축,MCG,,"30,300,000",0,T00178
2025-08-23,M2506-220,,,DRM,유지보수,유지보수,,"231,000,000",0,T00220
2025-08-24,M2505-209,,,DRM,유지보수,유지보수,,"244,200,000",0,T00209
2025-08-27,P2506-217,,,전자문서,구축,MCG,,"118,800,000",0,T00217
2025-08-27,M2508-234,,,DRM,유지보수,유지보수,,"200,900,000",0,T00234
2025-09-04,M2509-243,,,전자문서,유지보수,유지보수,,"184,000,000",0,T00243
2025-09-07,M2503-193,,,영상플랫폼,유지보수,유지보수,,"113,900,000",0,T00193
2025-09-10,P2506-215,,,전자문서,구축,전략실,,"33,200,000","1,700,000",T00215
2025-09-12,M2507-226,,,DRM,유지보수,유지보수,,"168,000,000",0,T00226
2025-09-20,P2507-221,,,콘텐츠보안,구축,MCG,,"307,200,000",0,T00221
2025-09-21,M2506-219,,,DLP,유지보수,유지보수,,"155,100,000",0,T00219
2025-09-21,M2507-228,,,DRM,유지보수,유지보수,,"89,500,000",0,T00228
2025-09-22,P2503-185,,,DLP,구축,MCG,,"223,600,000","22,400,000",T00185
2025-09-28,P2503-187,,,DRM,구축,MCG,,"66,200,000",0,T00187
2025-09-28,P2505-206,,,모바일보안,구축,마케팅실,,"412,300,000",0,T00206
2025-10-03,P2508-232,,,DRM,구축,MCG,,"367,700,000",0,T00232
2025-10-10,M2507-225,,,전자문서,유지보수,유지보수,,"228,700,000",0,T00225
2025-10-13,P2509-239,,,모바일보안,구축,MCG,,"134,500,000","13,400,000",T00239
2025-10-14,M2510-251,,,전자문서,유지보수,유지보수,,"198,200,000",0,T00250
2025-10-15,M2510-252,,,전자문서,유지보수,유지보수,,"174,700,000",0,T00251
2025-10-19,M2506-218,,,영상플랫폼,유지보수,유지보수,,"194,700,000",0,T00218
2025-10-20,P2504-197,,,전자문서,구축,MCG,,"56,000,000","5,600,000",T00197
2025-10-23,M2510-250,,,전자문서,유지보수,유지보수,,"238,600,000",0,T00249
2025-11-05,P2509-242,,,DRM,구축,MCG,,"195,100,000","9,800,000",T00242
2025-11-06,P2510-248,,,DRM,구축,MCG,,"143,700,000",0,T00247
2025-11-08,P2507-223,,,전자문서,구축,MCG,,"97,200,000",0,T00223
2025-12-01,P2508-231,,,전자문서,구축,마케팅실,,"200,800,000","10,000,000",T00231
2025-12-02,P2509-238,,,DRM,구축,MCG,,"226,400,000","11,300,000",T00238
2025-12-05,M2508-236,,,전자문서,유지보수,유지보수,,"127,600,000",0,T00236
2025-12-05,P2510-249,,,모바일보안,구축,MCG,,"45,300,000","2,300,000",T00248
2025-12-06,P2509-241,,,DRM,구축,마케팅실,,"165,000,000",0,T00241
2025-12-07,M2508-235,,,DRM,유지보수,유지보수,,"114,300,000",0,T00235
2025-12-15,M2507-227,,,전자문서,유지보수,유지보수,,"156,900,000",0,T00227
2025-12-16,M2505-210,,,DRM,유지보수,유지보수,,"248,600,000",0,T00210
2025-12-16,P2509-240,,,전자문서,구축,마케팅실,,"317,800,000",0,T00240
2025-12-17,M2509-244,,,DRM,유지보수,유지보수,,"211,800,000",0,T00244
2025-12-21,P2508-230,,,DLP,구축,마케팅실,,"73,100,000",0,T00230
2025-12-24,P2511-257,,,영상플랫폼,구축,MCG,,"291,600,000","14,600,000",T00256
2025-12-25,P2506-213,,,전자문서,구축,MCG,,"371,300,000",0,T00213
2025-12-26,P2506-212,,,DLP,구축,MCG,,"234,600,000",0,T00212
2025-12-27,P2512-264,,,DRM,구축,마케팅실,,"131,000,000",0,T00263
2026-01-02,M2511-261,,,DRM,유지보수,유지보수,,"55,100,000",0,T00260
2026-01-06,P2601-274,,,DRM,구축,MCG,,"68,400,000","6,800,000",T00271
2026-01-12,P2511-254,,,DRM,구축,MCG,,"86,300,000","8,600,000",T00253
2026-01-17,P2601-271,,,영상플랫폼,구축,MCG,,"313,300,000",0,T00269
2026-01-19,P2601-273,,,위변조방지,구축,마케팅실,,"341,500,000","17,100,000",T00270
2026-02-03,M2510-253,,,DRM,유지보수,유지보수,,"98,600,000",0,T00252
2026-02-05,M2511-260,,,DRM,유지보수,유지보수,,"75,400,000",0,T00259
2026-02-10,P2511-255,,,영상플랫폼,구축,마케팅실,,"199,800,000","10,000,000",T00254
2026-02-11,P2510-246,,,위변조방지,구축,MCG,,"61,500,000",0,T00246
2026-02-11,P2512-266,,,위변조방지,구축,전략실,,"393,200,000",0,T00265
2026-02-13,M2508-237,,,DLP,유지보수,유지보수,,"154,300,000",0,T00237
2026-02-14,P2512-263,,,DRM,구축,MCG,,"145,400,000","7,300,000",T00262
2026-02-16,P2508-229,,,콘텐츠보안,구축,MCG,,"352,800,000","35,300,000",T00229
2026-02-19,P2508-233,,,영상플랫폼,구축,전략실,,"141,200,000","7,100,000",T00233
2026-02-21,P2510-245,,,DRM,구축,전략실,,"136,100,000",0,T00245
2026-02-23,M2512-269,,,DRM,유지보수,유지보수,,"181,900,000",0,T00268
2026-02-26,M2512-268,,,DRM,유지보수,유지보수,,"229,400,000",0,T00267
2026-02-26,P2602-999,,카타병원,영상플랫폼,구축,전략실,,"33,000,000",0,T09999
2026-02-28,P2512-265,,,DRM,구축,MCG,,"383,100,000",0,T00264
2026-03-01,P2511-258,,,DLP,구축,MCG,,"347,500,000",0,T00257
2026-03-04,M2512-267,,,영상플랫폼,유지보수,유지보수,,"175,100,000",0,T00266
2026-03-09,M2601-277,,,DRM,유지보수,유지보수,,"275,800,000",0,T00273
2026-03-11,P2511-256,,,DRM,구축,MCG,,"225,000,000",0,T00255
2026-03-11,M2511-262,,,DRM,유지보수,유지보수,,"123,800,000",0,T00261
2026-03-14,M2511-259,,,위변조방지,유지보수,유지보수,,"217,100,000",0,T00258
2026-03-14,M2601-275,,,DRM,유지보수,유지보수,,"90,800,000",0,T00272
