월,과제기여,인건비,경비,월말인원
2023-04,0,"1,164,000,000","427,000,000",197
2023-05,0,"1,195,000,000","402,000,000",198
2023-06,"120,000,000","1,206,000,000","522,000,000",198
2023-07,0,"1,177,000,000","455,000,000",198
2023-08,0,"1,228,000,000","471,000,000",199
2023-09,"45,000,000","1,200,000,000","462,000,000",199
2023-10,0,"1,209,000,000","380,000,000",200
2023-11,0,"1,196,000,000","532,000,000",199
2023-12,0,"1,212,000,000","538,000,000",198
2024-01,"80,000,000","1,175,000,000","472,000,000",199
2024-02,0,"1,183,000,000","523,000,000",199
2024-03,0,"1,182,000,000","495,000,000",200
2024-04,"45,000,000","1,202,000,000","474,000,000",202
2024-05,0,"1,235,000,000","473,000,000",204
2024-06,"80,000,000","1,218,000,000","527,000,000",205
2024-07,0,"1,248,000,000","428,000,000",207
2024-08,"45,000,000","1,299,000,000","522,000,000",208
2024-09,0,"1,229,000,000","452,000,000",208
2024-10,0,"1,309,000,000","485,000,000",210
2024-11,0,"1,251,000,000","476,000,000",210
2024-12,"80,000,000","1,275,000,000","559,000,000",211
2025-01,0,"1,289,000,000","478,000,000",211
2025-02,0,"1,297,000,000","432,000,000",210
2025-03,0,"1,333,000,000","541,000,000",212
2025-04,0,"1,267,000,000","414,000,000",211
2025-05,"45,000,000","1,310,000,000","417,000,000",212
2025-06,"45,000,000","1,323,000,000","538,000,000",214
2025-07,0,"1,324,000,000","382,000,000",214
2025-08,"45,000,000","1,352,000,000","440,000,000",215
2025-09,"120,000,000","1,305,000,000","467,000,000",217
2025-10,0,"1,334,000,000","546,000,000",215
2025-11,0,"1,294,000,000","381,000,000",215
2025-12,0,"1,326,000,000","531,000,000",215
2026-01,0,"1,302,000,000","482,000,000",215
2026-02,"45,000,000","1,280,000,000","458,000,000",216
