수주일,PJT코드,PJT명칭,거래처,제품군,구분,부서,담당,수주금액,용역비,판매수수료,계약번호
2023-04-01,P2304-003,사아전자 영상플랫폼 구축,사아전자,영상플랫폼,구축,MCG,이영업,"223,100,000",0,0,C-P2304-003
2023-04-04,M2304-005,전자문서 유지보수 2023,국방연구소,전자문서,유지보수,유지보수,정유지,"68,900,000",0,0,C-M2304-005
2023-04-07,P2304-002,카타병원 전자문서 구축,사아전자,전자문서,구축,MCG,이영업,"121,200,000","12,100,000","3,600,000",C-P2304-002
2023-04-10,M2304-007,전자문서 유지보수 2023,가나공사,전자문서,유지보수,유지보수,정유지,"168,800,000",0,0,C-M2304-007
2023-04-14,M2304-006,DRM 유지보수 2023,마바시청,DRM,유지보수,유지보수,정유지,"82,400,000",0,0,C-M2304-006
2023-04-17,P2304-004,가나공사 DRM 구축,국방연구소,DRM,구축,마케팅실,박해외,"120,300,000","6,000,000","3,600,000",C-P2304-004
2023-04-20,P2304-001,마바시청 DRM 구축,사아전자,DRM,구축,전략실,최전략,"316,200,000","31,600,000",0,C-P2304-001
2023-04-23,M2304-008,DRM 유지보수 2023,사아전자,DRM,유지보수,유지보수,정유지,"42,700,000",0,0,C-M2304-008
2023-05-07,P2305-012,카타병원 DLP 구축,국방연구소,DLP,구축,전략실,최전략,"356,800,000","53,500,000",0,C-P2305-012
2023-05-11,P2305-010,사아전자 DRM 구축,국방연구소,DRM,구축,MCG,홍길동,"133,600,000",0,"6,700,000",C-P2305-010
2023-05-15,P2305-011,국방연구소 DRM 구축,국방연구소,DRM,구축,전략실,최전략,"354,900,000",0,0,C-P2305-011
2023-05-16,P2305-009,자차대학교 영상플랫폼 구축,사아전자,영상플랫폼,구축,전략실,최전략,"291,500,000","29,200,000",0,C-P2305-009
2023-05-16,M2305-014,DRM 유지보수 2023,자차대학교,DRM,유지보수,유지보수,정유지,"83,800,000",0,0,C-M2305-014
2023-05-17,P2305-013,파하증권 DLP 구축,국방연구소,DLP,구축,MCG,홍길동,"142,400,000","21,400,000",0,C-P2305-013
2023-05-17,M2305-015,DRM 유지보수 2023,카타병원,DRM,유지보수,유지보수,정유지,"87,800,000",0,0,C-M2305-015
2023-06-04,M2306-022,전자문서 유지보수 2023,파하증권,전자문서,유지보수,유지보수,정유지,"197,000,000",0,0,C-M2306-022
2023-06-05,P2306-016,자차대학교 모바일보안 구축,마바시청,모바일보안,구축,전략실,최전략,"309,700,000",0,"15,500,000",C-P2306-016
2023-06-05,P2306-019,국방연구소 전자문서 구축,다라은행,전자문서,구축,전략실,최전략,"306,700,000",0,"9,200,000",C-P2306-019
2023-06-07,P2306-020,카타병원 DRM 구축,사아전자,DRM,구축,MCG,김영업,"175,400,000","26,300,000","5,300,000",C-P2306-020
2023-06-07,M2306-021,영상플랫폼 유지보수 2023,국방연구소,영상플랫폼,유지보수,유지보수,정유지,"120,500,000",0,0,C-M2306-021
2023-06-08,P2306-018,가나공사 DRM 구축,파하증권,DRM,구축,MCG,홍길동,"345,900,000","51,900,000",0,C-P2306-018
2023-06-23,P2306-017,마바시청 영상플랫폼 구축,카타병원,영상플랫폼,구축,마케팅실,박해외,"120,500,000",0,0,C-P2306-017
2023-07-01,P2307-026,자차대학교 DRM 구축,마바시청,DRM,구축,MCG,이영업,"349,700,000","17,500,000","10,500,000",C-P2307-026
2023-07-05,P2307-023,마바시청 DLP 구축,카타병원,DLP,구축,전략실,최전략,"196,000,000","9,800,000","9,800,000",C-P2307-023
2023-07-05,P2307-024,다라은행 모바일보안 구축,마바시청,모바일보안,구축,MCG,김영업,"219,700,000","33,000,000","11,000,000",C-P2307-024
2023-07-05,P2307-027,마바시청 영상플랫폼 구축,자차대학교,영상플랫폼,구축,MCG,김영업,"231,500,000",0,0,C-P2307-027
2023-07-06,P2307-028,다라은행 전자문서 구축,마바시청,전자문서,구축,MCG,홍길동,"33,500,000","3,400,000","1,700,000",C-P2307-028
2023-07-08,M2307-030,전자문서 유지보수 2023,카타병원,전자문서,유지보수,유지보수,정유지,"199,000,000",0,0,C-M2307-030
2023-07-15,M2307-029,DRM 유지보수 2023,파하증권,DRM,유지보수,유지보수,정유지,"52,200,000",0,0,C-M2307-029
2023-07-20,P2307-025,국방연구소 DRM 구축,다라은행,DRM,구축,마케팅실,박해외,"137,900,000",0,0,C-P2307-025
2023-07-24,M2307-031,전자문서 유지보수 2023,사아전자,전자문서,유지보수,유지보수,정유지,"169,400,000",0,0,C-M2307-031
2023-07-27,M2307-032,영상플랫폼 유지보수 2023,가나공사,영상플랫폼,유지보수,유지보수,정유지,"100,500,000",0,0,C-M2307-032
2023-08-04,P2308-038,다라은행 모바일보안 구축,자차대학교,모바일보안,구축,MCG,이영업,"182,200,000",0,"5,500,000",C-P2308-038
2023-08-05,M2308-042,영상플랫폼 유지보수 2023,자차대학교,영상플랫폼,유지보수,유지보수,정유지,"166,300,000",0,0,C-M2308-042
2023-08-09,P2308-036,자차대학교 DRM 구축,다라은행,DRM,구축,마케팅실,박해외,"367,300,000",0,0,C-P2308-036
2023-08-13,M2308-040,전자문서 유지보수 2023,다라은행,전자문서,유지보수,유지보수,정유지,"126,700,000",0,0,C-M2308-040
2023-08-18,P2308-033,가나공사 DRM 구축,카타병원,DRM,구축,MCG,홍길동,"281,200,000",0,0,C-P2308-033
2023-08-18,P2308-035,카타병원 영상플랫폼 구축,파하증권,영상플랫폼,구축,MCG,홍길동,"348,500,000",0,0,C-P2308-035
2023-08-19,P2308-037,국방연구소 DRM 구축,마바시청,DRM,구축,전략실,최전략,"136,600,000","13,700,000","6,800,000",C-P2308-037
2023-08-22,M2308-041,DRM 유지보수 2023,국방연구소,DRM,유지보수,유지보수,정유지,"212,800,000",0,0,C-M2308-041
2023-08-24,M2308-039,DRM 유지보수 2023,마바시청,DRM,유지보수,유지보수,정유지,"118,800,000",0,0,C-M2308-039
2023-08-27,P2308-034,자차대학교 전자문서 구축,카타병원,전자문서,구축,마케팅실,박해외,"255,400,000","25,500,000",0,C-P2308-034
2023-09-03,P2309-046,자차대학교 DRM 구축,마바시청,DRM,구축,MCG,김영업,"188,100,000","18,800,000",0,C-P2309-046
2023-09-07,P2309-043,다라은행 DRM 구축,카타병원,DRM,구축,MCG,이영업,"154,200,000","15,400,000",0,C-P2309-043
2023-09-08,M2309-048,DLP 유지보수 2023,자차대학교,DLP,유지보수,유지보수,정유지,"129,400,000",0,0,C-M2309-048
2023-09-12,P2309-044,가나공사 DRM 구축,카타병원,DRM,구축,전략실,최전략,"208,000,000","31,200,000","10,400,000",C-P2309-044
2023-09-12,P2309-045,카타병원 모바일보안 구축,파하증권,모바일보안,구축,MCG,홍길동,"159,200,000","8,000,000","4,800,000",C-P2309-045
2023-09-18,M2309-047,DRM 유지보수 2023,파하증권,DRM,유지보수,유지보수,정유지,"258,700,000",0,0,C-M2309-047
2023-10-01,P2310-051,카타병원 DRM 구축,마바시청,DRM,구축,MCG,홍길동,"339,000,000",0,0,C-P2310-051
2023-10-02,P2310-049,가나공사 영상플랫폼 구축,파하증권,영상플랫폼,구축,MCG,이영업,"285,000,000","14,200,000",0,C-P2310-049
2023-10-02,P2310-050,다라은행 전자문서 구축,다라은행,전자문서,구축,MCG,김영업,"105,000,000","10,500,000",0,C-P2310-050
2023-10-02,M2310-055,DLP 유지보수 2023,파하증권,DLP,유지보수,유지보수,정유지,"251,000,000",0,0,C-M2310-055
2023-10-06,M2310-056,전자문서 유지보수 2023,카타병원,전자문서,유지보수,유지보수,정유지,"163,000,000",0,0,C-M2310-056
2023-10-08,M2310-057,DRM 유지보수 2023,가나공사,DRM,유지보수,유지보수,정유지,"222,000,000",0,0,C-M2310-057
2023-10-16,P2310-053,다라은행 DLP 구축,마바시청,DLP,구축,전략실,최전략,"286,000,000","28,600,000",0,C-P2310-053
2023-10-19,P2310-052,가나공사 DLP 구축,카타병원,DLP,구축,마케팅실,박해외,"301,000,000","30,100,000",0,C-P2310-052
2023-10-25,P2310-054,가나공사 전자문서 구축,마바시청,전자문서,구축,MCG,이영업,"149,000,000","22,400,000",0,C-P2310-054
2023-11-14,P2311-061,자차대학교 DRM 구축,가나공사,DRM,구축,MCG,김영업,"221,100,000",0,0,C-P2311-061
2023-11-15,P2311-059,카타병원 영상플랫폼 구축,사아전자,영상플랫폼,구축,MCG,이영업,"243,200,000","12,200,000",0,C-P2311-059
2023-11-22,M2311-062,DRM 유지보수 2023,다라은행,DRM,유지보수,유지보수,정유지,"224,100,000",0,0,C-M2311-062
2023-11-25,P2311-060,파하증권 전자문서 구축,사아전자,전자문서,구축,전략실,최전략,"68,300,000",0,"2,000,000",C-P2311-060
2023-11-25,M2311-063,DRM 유지보수 2023,가나공사,DRM,유지보수,유지보수,정유지,"68,300,000",0,0,C-M2311-063
2023-11-28,P2311-058,파하증권 모바일보안 구축,자차대학교,모바일보안,구축,MCG,김영업,"161,800,000",0,0,C-P2311-058
2023-12-02,P2312-064,카타병원 영상플랫폼 구축,카타병원,영상플랫폼,구축,전략실,최전략,"115,100,000","17,300,000","5,800,000",C-P2312-064
2023-12-03,P2312-067,카타병원 DRM 구축,사아전자,DRM,구축,MCG,홍길동,"244,400,000","24,400,000",0,C-P2312-067
2023-12-09,M2312-070,전자문서 유지보수 2023,자차대학교,전자문서,유지보수,유지보수,정유지,"148,500,000",0,0,C-M2312-070
2023-12-16,P2312-065,마바시청 전자문서 구축,가나공사,전자문서,구축,MCG,이영업,"347,400,000",0,"17,400,000",C-P2312-065
2023-12-16,M2312-069,DRM 유지보수 2023,자차대학교,DRM,유지보수,유지보수,정유지,"91,900,000",0,0,C-M2312-069
2023-12-22,M2312-068,DRM 유지보수 2023,마바시청,DRM,유지보수,유지보수,정유지,"206,000,000",0,0,C-M2312-068
2023-12-26,P2312-066,사아전자 DRM 구축,다라은행,DRM,구축,전략실,최전략,"228,300,000","11,400,000",0,C-P2312-066
2024-01-02,P2401-074,마바시청 영상플랫폼 구축,파하증권,영상플랫폼,구축,MCG,김영업,"283,200,000","14,200,000",0,C-P2401-074
2024-01-07,M2401-079,DRM 유지보수 2024,카타병원,DRM,유지보수,유지보수,정유지,"69,000,000",0,0,C-M2401-079
2024-01-14,P2401-076,사아전자 전자문서 구축,파하증권,전자문서,구축,MCG,이영업,"340,000,000","51,000,000","17,000,000",C-P2401-076
2024-01-15,P2401-071,사아전자 DLP 구축,마바시청,DLP,구축,전략실,최전략,"236,500,000",0,"7,100,000",C-P2401-071
2024-01-16,P2401-072,다라은행 전자문서 구축,가나공사,전자문서,구축,MCG,홍길동,"209,100,000","10,500,000","10,500,000",C-P2401-072
2024-01-16,P2401-075,카타병원 DRM 구축,다라은행,DRM,구축,MCG,홍길동,"68,000,000",0,0,C-P2401-075
2024-01-17,P2401-073,가나공사 영상플랫폼 구축,카타병원,영상플랫폼,구축,MCG,이영업,"59,900,000",0,0,C-P2401-073
2024-01-19,M2401-078,전자문서 유지보수 2024,사아전자,전자문서,유지보수,유지보수,정유지,"58,900,000",0,0,C-M2401-078
2024-01-20,M2401-077,DRM 유지보수 2024,카타병원,DRM,유지보수,유지보수,정유지,"67,000,000",0,0,C-M2401-077
2024-02-03,P2402-083,파하증권 전자문서 구축,파하증권,전자문서,구축,전략실,최전략,"289,700,000","29,000,000","8,700,000",C-P2402-083
2024-02-04,P2402-081,마바시청 DLP 구축,가나공사,DLP,구축,MCG,이영업,"333,500,000","16,700,000","10,000,000",C-P2402-081
2024-02-04,P2402-085,다라은행 영상플랫폼 구축,카타병원,영상플랫폼,구축,MCG,이영업,"51,000,000","2,600,000","1,500,000",C-P2402-085
2024-02-06,P2402-084,카타병원 전자문서 구축,다라은행,전자문서,구축,마케팅실,박해외,"289,700,000","14,500,000",0,C-P2402-084
2024-02-10,P2402-080,파하증권 전자문서 구축,가나공사,전자문서,구축,MCG,김영업,"225,400,000","33,800,000",0,C-P2402-080
2024-02-11,M2402-088,DRM 유지보수 2024,국방연구소,DRM,유지보수,유지보수,정유지,"117,300,000",0,0,C-M2402-088
2024-02-13,P2402-082,다라은행 DLP 구축,다라은행,DLP,구축,전략실,최전략,"369,200,000","18,500,000",0,C-P2402-082
2024-02-16,M2402-089,영상플랫폼 유지보수 2024,파하증권,영상플랫폼,유지보수,유지보수,정유지,"121,400,000",0,0,C-M2402-089
2024-02-18,M2402-086,DRM 유지보수 2024,다라은행,DRM,유지보수,유지보수,정유지,"149,900,000",0,0,C-M2402-086
2024-02-18,M2402-087,전자문서 유지보수 2024,카타병원,전자문서,유지보수,유지보수,정유지,"164,200,000",0,0,C-M2402-087
2024-03-01,P2403-090,자차대학교 CMT 구축,카타병원,CMT,구축,MCG,김영업,"266,500,000","26,600,000",0,C-P2403-090
2024-03-04,P2403-092,마바시청 DRM 구축,다라은행,DRM,구축,MCG,김영업,"378,200,000","37,800,000",0,C-P2403-092
2024-03-06,P2403-091,파하증권 DRM 구축,가나공사,DRM,구축,MCG,홍길동,"90,200,000","4,500,000","2,700,000",C-P2403-091
2024-03-06,P2403-094,자차대학교 전자문서 구축,다라은행,전자문서,구축,전략실,최전략,"41,000,000",0,0,C-P2403-094
2024-03-14,M2403-098,전자문서 유지보수 2024,카타병원,전자문서,유지보수,유지보수,정유지,"150,700,000",0,0,C-M2403-098
2024-03-15,P2403-093,파하증권 모바일보안 구축,자차대학교,모바일보안,구축,마케팅실,박해외,"182,400,000","18,200,000",0,C-P2403-093
2024-03-18,M2403-097,DRM 유지보수 2024,가나공사,DRM,유지보수,유지보수,정유지,"245,000,000",0,0,C-M2403-097
2024-03-23,M2403-096,DRM 유지보수 2024,가나공사,DRM,유지보수,유지보수,정유지,"169,100,000",0,0,C-M2403-096
2024-03-24,P2403-095,다라은행 DRM 구축,가나공사,DRM,구축,마케팅실,박해외,"277,800,000","41,700,000","13,900,000",C-P2403-095
2024-04-01,M2404-105,DRM 유지보수 2024,사아전자,DRM,유지보수,유지보수,정유지,"196,700,000",0,0,C-M2404-105
2024-04-03,M2404-103,DRM 유지보수 2024,마바시청,DRM,유지보수,유지보수,정유지,"139,000,000",0,0,C-M2404-103
2024-04-08,P2404-099,자차대학교 전자문서 구축,국방연구소,전자문서,구축,마케팅실,박해외,"384,200,000",0,0,C-P2404-099
2024-04-11,M2404-104,DRM 유지보수 2024,사아전자,DRM,유지보수,유지보수,정유지,"250,300,000",0,0,C-M2404-104
2024-04-12,P2404-100,가나공사 전자문서 구축,자차대학교,전자문서,구축,MCG,홍길동,"56,600,000","5,700,000","1,700,000",C-P2404-100
2024-04-12,P2404-101,카타병원 DRM 구축,다라은행,DRM,구축,MCG,김영업,"302,800,000",0,"9,100,000",C-P2404-101
2024-04-24,M2404-106,전자문서 유지보수 2024,파하증권,전자문서,유지보수,유지보수,정유지,"76,200,000",0,0,C-M2404-106
2024-04-25,P2404-102,가나공사 DLP 구축,다라은행,DLP,구축,마케팅실,박해외,"89,600,000","9,000,000","2,700,000",C-P2404-102
2024-05-01,P2405-112,다라은행 영상플랫폼 구축,파하증권,영상플랫폼,구축,MCG,홍길동,"106,600,000","16,000,000",0,C-P2405-112
2024-05-05,P2405-111,자차대학교 전자문서 구축,사아전자,전자문서,구축,MCG,이영업,"60,000,000","6,000,000","1,800,000",C-P2405-111
2024-05-06,M2405-114,DRM 유지보수 2024,사아전자,DRM,유지보수,유지보수,정유지,"261,900,000",0,0,C-M2405-114
2024-05-08,P2405-109,다라은행 DRM 구축,카타병원,DRM,구축,MCG,홍길동,"329,100,000",0,"16,500,000",C-P2405-109
2024-05-14,P2405-110,카타병원 콘텐츠보안 구축,파하증권,콘텐츠보안,구축,MCG,김영업,"223,600,000",0,"11,200,000",C-P2405-110
2024-05-16,P2405-108,자차대학교 콘텐츠보안 구축,다라은행,콘텐츠보안,구축,MCG,김영업,"374,700,000","37,500,000",0,C-P2405-108
2024-05-18,P2405-107,카타병원 DRM 구축,파하증권,DRM,구축,마케팅실,박해외,"179,100,000",0,0,C-P2405-107
2024-05-18,M2405-113,전자문서 유지보수 2024,사아전자,전자문서,유지보수,유지보수,정유지,"236,000,000",0,0,C-M2405-113
2024-06-01,M2406-123,DRM 유지보수 2024,국방연구소,DRM,유지보수,유지보수,정유지,"140,400,000",0,0,C-M2406-123
2024-06-08,M2406-122,DRM 유지보수 2024,다라은행,DRM,유지보수,유지보수,정유지,"52,000,000",0,0,C-M2406-122
2024-06-10,P2406-115,국방연구소 DRM 구축,국방연구소,DRM,구축,전략실,최전략,"364,000,000","54,600,000",0,C-P2406-115
2024-06-10,P2406-117,파하증권 DRM 구축,카타병원,DRM,구축,MCG,김영업,"286,000,000",0,0,C-P2406-117
2024-06-14,P2406-119,사아전자 영상플랫폼 구축,자차대학교,영상플랫폼,구축,MCG,홍길동,"57,200,000","2,900,000","2,900,000",C-P2406-119
2024-06-14,M2406-121,DRM 유지보수 2024,사아전자,DRM,유지보수,유지보수,정유지,"176,800,000",0,0,C-M2406-121
2024-06-15,P2406-118,사아전자 DLP 구축,자차대학교,DLP,구축,MCG,이영업,"84,200,000","4,200,000","4,200,000",C-P2406-118
2024-06-17,P2406-120,국방연구소 DRM 구축,파하증권,DRM,구축,전략실,최전략,"246,500,000",0,0,C-P2406-120
2024-06-27,P2406-116,파하증권 DRM 구축,사아전자,DRM,구축,마케팅실,박해외,"334,900,000",0,0,C-P2406-116
2024-07-14,P2407-126,파하증권 전자문서 구축,사아전자,전자문서,구축,전략실,최전략,"52,200,000",0,0,C-P2407-126
2024-07-15,M2407-129,DLP 유지보수 2024,다라은행,DLP,유지보수,유지보수,정유지,"271,700,000",0,0,C-M2407-129
2024-07-17,P2407-128,가나공사 DLP 구축,다라은행,DLP,구축,마케팅실,박해외,"225,700,000",0,"6,800,000",C-P2407-128
2024-07-17,M2407-130,DLP 유지보수 2024,국방연구소,DLP,유지보수,유지보수,정유지,"153,600,000",0,0,C-M2407-130
2024-07-20,P2407-127,자차대학교 DRM 구축,사아전자,DRM,구축,MCG,이영업,"149,400,000","14,900,000",0,C-P2407-127
2024-07-21,M2407-131,영상플랫폼 유지보수 2024,자차대학교,영상플랫폼,유지보수,유지보수,정유지,"267,500,000",0,0,C-M2407-131
2024-07-26,P2407-125,국방연구소 DLP 구축,국방연구소,DLP,구축,MCG,이영업,"374,100,000","56,100,000","18,700,000",C-P2407-125
2024-07-27,P2407-124,자차대학교 영상플랫폼 구축,국방연구소,영상플랫폼,구축,전략실,최전략,"154,700,000",0,"7,700,000",C-P2407-124
2024-08-02,P2408-136,다라은행 DRM 구축,사아전자,DRM,구축,전략실,최전략,"116,600,000","11,700,000",0,C-P2408-136
2024-08-06,P2408-134,가나공사 전자문서 구축,카타병원,전자문서,구축,MCG,김영업,"395,800,000",0,0,C-P2408-134
2024-08-06,M2408-138,영상플랫폼 유지보수 2024,마바시청,영상플랫폼,유지보수,유지보수,정유지,"200,600,000",0,0,C-M2408-138
2024-08-07,M2408-137,영상플랫폼 유지보수 2024,카타병원,영상플랫폼,유지보수,유지보수,정유지,"96,600,000",0,0,C-M2408-137
2024-08-08,P2408-132,국방연구소 콘텐츠보안 구축,가나공사,콘텐츠보안,구축,전략실,최전략,"297,200,000",0,0,C-P2408-132
2024-08-24,P2408-135,다라은행 DRM 구축,국방연구소,DRM,구축,MCG,이영업,"398,000,000","39,800,000",0,C-P2408-135
2024-08-27,P2408-133,카타병원 영상플랫폼 구축,카타병원,영상플랫폼,구축,마케팅실,박해외,"316,000,000",0,"9,500,000",C-P2408-133
2024-08-27,M2408-140,DRM 유지보수 2024,사아전자,DRM,유지보수,유지보수,정유지,"144,900,000",0,0,C-M2408-140
2024-08-28,M2408-139,영상플랫폼 유지보수 2024,카타병원,영상플랫폼,유지보수,유지보수,정유지,"227,800,000",0,0,C-M2408-139
2024-09-05,M2409-147,DLP 유지보수 2024,가나공사,DLP,유지보수,유지보수,정유지,"216,300,000",0,0,C-M2409-147
2024-09-06,P2409-141,자차대학교 영상플랫폼 구축,자차대학교,영상플랫폼,구축,MCG,김영업,"247,900,000","12,400,000",0,C-P2409-141
2024-09-13,P2409-142,가나공사 DRM 구축,국방연구소,DRM,구축,MCG,홍길동,"369,200,000","55,400,000","18,500,000",C-P2409-142
2024-09-19,P2409-146,카타병원 모바일보안 구축,국방연구소,모바일보안,구축,마케팅실,박해외,"38,000,000","5,700,000",0,C-P2409-146
2024-09-20,P2409-144,국방연구소 전자문서 구축,다라은행,전자문서,구축,MCG,홍길동,"313,300,000","31,300,000","9,400,000",C-P2409-144
2024-09-23,P2409-145,사아전자 모바일보안 구축,가나공사,모바일보안,구축,MCG,홍길동,"320,700,000",0,0,C-P2409-145
2024-09-25,M2409-148,DRM 유지보수 2024,자차대학교,DRM,유지보수,유지보수,정유지,"111,800,000",0,0,C-M2409-148
2024-09-27,P2409-143,마바시청 영상플랫폼 구축,파하증권,영상플랫폼,구축,MCG,이영업,"261,600,000","26,200,000","13,100,000",C-P2409-143
2024-10-01,P2410-149,마바시청 DRM 구축,카타병원,DRM,구축,MCG,김영업,"342,400,000",0,0,C-P2410-149
2024-10-02,M2410-154,DRM 유지보수 2024,자차대학교,DRM,유지보수,유지보수,정유지,"272,400,000",0,0,C-M2410-154
2024-10-05,M2410-153,DRM 유지보수 2024,사아전자,DRM,유지보수,유지보수,정유지,"215,200,000",0,0,C-M2410-153
2024-10-17,M2410-155,DRM 유지보수 2024,다라은행,DRM,유지보수,유지보수,정유지,"267,100,000",0,0,C-M2410-155
2024-10-19,P2410-151,국방연구소 DRM 구축,카타병원,DRM,구축,MCG,김영업,"245,900,000","12,300,000",0,C-P2410-151
2024-10-22,P2410-150,카타병원 모바일보안 구축,사아전자,모바일보안,구축,마케팅실,박해외,"204,600,000",0,"6,100,000",C-P2410-150
2024-10-25,P2410-152,자차대학교 DRM 구축,국방연구소,DRM,구축,마케팅실,박해외,"44,500,000","4,400,000",0,C-P2410-152
2024-11-01,P2411-156,마바시청 DRM 구축,마바시청,DRM,구축,마케팅실,박해외,"393,000,000",0,0,C-P2411-156
2024-11-05,P2411-158,마바시청 DRM 구축,가나공사,DRM,구축,전략실,최전략,"243,900,000","24,400,000",0,C-P2411-158
2024-11-09,P2411-157,국방연구소 DRM 구축,사아전자,DRM,구축,마케팅실,박해외,"400,400,000","20,000,000",0,C-P2411-157
2024-11-17,P2411-159,카타병원 영상플랫폼 구축,사아전자,영상플랫폼,구축,MCG,홍길동,"240,700,000",0,"7,200,000",C-P2411-159
2024-11-21,M2411-161,영상플랫폼 유지보수 2024,자차대학교,영상플랫폼,유지보수,유지보수,정유지,"214,100,000",0,0,C-M2411-161
2024-11-26,M2411-160,DRM 유지보수 2024,다라은행,DRM,유지보수,유지보수,정유지,"181,000,000",0,0,C-M2411-160
2024-12-05,M2412-168,전자문서 유지보수 2024,마바시청,전자문서,유지보수,유지보수,정유지,"211,900,000",0,0,C-M2412-168
2024-12-08,P2412-165,가나공사 DRM 구축,마바시청,DRM,구축,MCG,이영업,"375,600,000",0,0,C-P2412-165
2024-12-10,P2412-163,국방연구소 콘텐츠보안 구축,사아전자,콘텐츠보안,구축,마케팅실,박해외,"370,200,000",0,0,C-P2412-163
2024-12-14,M2412-169,DRM 유지보수 2024,마바시청,DRM,유지보수,유지보수,정유지,"124,100,000",0,0,C-M2412-169
2024-12-18,M2412-167,DRM 유지보수 2024,카타병원,DRM,유지보수,유지보수,정유지,"56,700,000",0,0,C-M2412-167
2024-12-19,P2412-162,마바시청 영상플랫폼 구축,카타병원,영상플랫폼,구축,MCG,홍길동,"33,200,000","3,300,000",0,C-P2412-162
2024-12-25,M2412-166,DRM 유지보수 2024,마바시청,DRM,유지보수,유지보수,정유지,"79,200,000",0,0,C-M2412-166
2024-12-28,P2412-164,마바시청 전자문서 구축,국방연구소,전자문서,구축,MCG,김영업,"187,200,000","28,100,000","9,400,000",C-P2412-164
2025-01-03,P2501-172,사아전자 DRM 구축,마바시청,DRM,구축,MCG,홍길동,"367,600,000",0,0,C-P2501-172
2025-01-03,M2501-175,DRM 유지보수 2025,사아전자,DRM,유지보수,유지보수,정유지,"176,300,000",0,0,C-M2501-175
2025-01-04,P2501-173,마바시청 DRM 구축,국방연구소,DRM,구축,마케팅실,박해외,"157,000,000",0,0,C-P2501-173
2025-01-09,M2501-176,DRM 유지보수 2025,카타병원,DRM,유지보수,유지보수,정유지,"200,000,000",0,0,C-M2501-176
2025-01-12,P2501-171,가나공사 DRM 구축,마바시청,DRM,구축,MCG,이영업,"194,600,000","9,700,000",0,C-P2501-171
2025-01-15,M2501-174,영상플랫폼 유지보수 2025,다라은행,영상플랫폼,유지보수,유지보수,정유지,"279,500,000",0,0,C-M2501-174
2025-01-24,P2501-170,마바시청 DRM 구축,자차대학교,DRM,구축,MCG,이영업,"330,000,000","16,500,000","16,500,000",C-P2501-170
2025-02-02,P2502-177,가나공사 모바일보안 구축,자차대학교,모바일보안,구축,마케팅실,박해외,"204,100,000",0,"6,100,000",C-P2502-177
2025-02-10,P2502-178,사아전자 DRM 구축,자차대학교,DRM,구축,MCG,김영업,"35,600,000","5,300,000",0,C-P2502-178
2025-02-10,P2502-180,가나공사 콘텐츠보안 구축,마바시청,콘텐츠보안,구축,MCG,김영업,"193,300,000","19,300,000","5,800,000",C-P2502-180
2025-02-11,M2502-183,전자문서 유지보수 2025,카타병원,전자문서,유지보수,유지보수,정유지,"199,800,000",0,0,C-M2502-183
2025-02-12,P2502-181,카타병원 DRM 구축,가나공사,DRM,구축,MCG,홍길동,"69,100,000",0,0,C-P2502-181
2025-02-20,P2502-179,사아전자 DLP 구축,국방연구소,DLP,구축,MCG,김영업,"63,700,000",0,0,C-P2502-179
2025-02-21,M2502-184,DRM 유지보수 2025,사아전자,DRM,유지보수,유지보수,정유지,"102,600,000",0,0,C-M2502-184
2025-02-22,M2502-182,DLP 유지보수 2025,자차대학교,DLP,유지보수,유지보수,정유지,"279,700,000",0,0,C-M2502-182
2025-03-04,P2503-186,파하증권 영상플랫폼 구축,자차대학교,영상플랫폼,구축,MCG,김영업,"249,600,000",0,0,C-P2503-186
2025-03-04,P2503-189,사아전자 DRM 구축,사아전자,DRM,구축,MCG,이영업,"109,600,000","16,400,000","3,300,000",C-P2503-189
2025-03-05,P2503-188,마바시청 전자문서 구축,가나공사,전자문서,구축,MCG,이영업,"214,800,000","32,200,000",0,C-P2503-188
2025-03-12,P2503-190,카타병원 DRM 구축,가나공사,DRM,구축,전략실,최전략,"402,500,000",0,0,C-P2503-190
2025-03-12,M2503-192,영상플랫폼 유지보수 2025,파하증권,영상플랫폼,유지보수,유지보수,정유지,"76,000,000",0,0,C-M2503-192
2025-03-15,M2503-193,영상플랫폼 유지보수 2025,자차대학교,영상플랫폼,유지보수,유지보수,정유지,"113,900,000",0,0,C-M2503-193
2025-03-19,M2503-191,DRM 유지보수 2025,자차대학교,DRM,유지보수,유지보수,정유지,"202,900,000",0,0,C-M2503-191
2025-03-27,P2503-185,가나공사 DLP 구축,가나공사,DLP,구축,MCG,홍길동,"235,400,000","11,800,000","7,100,000",C-P2503-185
2025-03-27,P2503-187,파하증권 DRM 구축,가나공사,DRM,구축,MCG,김영업,"66,200,000",0,0,C-P2503-187
2025-04-03,M2504-203,전자문서 유지보수 2025,자차대학교,전자문서,유지보수,유지보수,정유지,"200,600,000",0,0,C-M2504-203
2025-04-06,P2504-196,자차대학교 영상플랫폼 구축,사아전자,영상플랫폼,구축,MCG,이영업,"357,500,000",0,0,C-P2504-196
2025-04-06,M2504-201,영상플랫폼 유지보수 2025,사아전자,영상플랫폼,유지보수,유지보수,정유지,"82,800,000",0,0,C-M2504-201
2025-04-12,P2504-194,자차대학교 영상플랫폼 구축,카타병원,영상플랫폼,구축,MCG,이영업,"286,700,000","28,700,000",0,C-P2504-194
2025-04-12,P2504-198,파하증권 DRM 구축,파하증권,DRM,구축,MCG,김영업,"310,600,000","15,500,000","15,500,000",C-P2504-198
2025-04-14,P2504-197,마바시청 전자문서 구축,국방연구소,전자문서,구축,MCG,이영업,"58,900,000","2,900,000",0,C-P2504-197
2025-04-15,P2504-199,파하증권 영상플랫폼 구축,카타병원,영상플랫폼,구축,전략실,최전략,"203,800,000","20,400,000",0,C-P2504-199
2025-04-25,M2504-202,전자문서 유지보수 2025,자차대학교,전자문서,유지보수,유지보수,정유지,"113,400,000",0,0,C-M2504-202
2025-04-28,P2504-195,카타병원 콘텐츠보안 구축,마바시청,콘텐츠보안,구축,MCG,이영업,"159,100,000",0,0,C-P2504-195
2025-04-28,M2504-200,영상플랫폼 유지보수 2025,파하증권,영상플랫폼,유지보수,유지보수,정유지,"233,300,000",0,0,C-M2504-200
2025-05-01,P2505-206,파하증권 모바일보안 구축,자차대학교,모바일보안,구축,마케팅실,박해외,"401,900,000","20,100,000",0,C-P2505-206
2025-05-01,P2505-207,다라은행 DRM 구축,마바시청,DRM,구축,전략실,최전략,"109,500,000","5,500,000","3,300,000",C-P2505-207
2025-05-02,M2505-211,DRM 유지보수 2025,다라은행,DRM,유지보수,유지보수,정유지,"262,800,000",0,0,C-M2505-211
2025-05-05,P2505-204,사아전자 영상플랫폼 구축,파하증권,영상플랫폼,구축,마케팅실,박해외,"72,300,000","7,200,000","3,600,000",C-P2505-204
2025-05-09,M2505-209,DRM 유지보수 2025,자차대학교,DRM,유지보수,유지보수,정유지,"244,200,000",0,0,C-M2505-209
2025-05-13,P2505-208,사아전자 DLP 구축,국방연구소,DLP,구축,MCG,김영업,"84,300,000",0,0,C-P2505-208
2025-05-24,M2505-210,DRM 유지보수 2025,마바시청,DRM,유지보수,유지보수,정유지,"248,600,000",0,0,C-M2505-210
2025-05-26,P2505-205,카타병원 전자문서 구축,파하증권,전자문서,구축,전략실,최전략,"130,300,000","6,500,000",0,C-P2505-205
2025-06-05,P2506-213,사아전자 전자문서 구축,자차대학교,전자문서,구축,MCG,홍길동,"412,500,000","41,200,000",0,C-P2506-213
2025-06-07,P2506-215,가나공사 전자문서 구축,국방연구소,전자문서,구축,전략실,최전략,"34,100,000","3,400,000",0,C-P2506-215
2025-06-09,P2506-216,다라은행 DRM 구축,자차대학교,DRM,구축,전략실,최전략,"176,000,000",0,0,C-P2506-216
2025-06-11,M2506-219,DLP 유지보수 2025,국방연구소,DLP,유지보수,유지보수,정유지,"155,100,000",0,0,C-M2506-219
2025-06-14,P2506-217,국방연구소 전자문서 구축,국방연구소,전자문서,구축,MCG,홍길동,"118,800,000",0,0,C-P2506-217
2025-06-15,P2506-212,자차대학교 DLP 구축,마바시청,DLP,구축,MCG,김영업,"260,700,000","26,100,000",0,C-P2506-212
2025-06-15,M2506-220,DRM 유지보수 2025,가나공사,DRM,유지보수,유지보수,정유지,"231,000,000",0,0,C-M2506-220
2025-06-21,P2506-214,국방연구소 DRM 구축,국방연구소,DRM,구축,MCG,홍길동,"52,800,000",0,0,C-P2506-214
2025-06-23,M2506-218,영상플랫폼 유지보수 2025,국방연구소,영상플랫폼,유지보수,유지보수,정유지,"194,700,000",0,0,C-M2506-218
2025-07-01,P2507-224,파하증권 DRM 구축,마바시청,DRM,구축,전략실,최전략,"76,200,000",0,0,C-P2507-224
2025-07-03,P2507-222,카타병원 전자문서 구축,다라은행,전자문서,구축,MCG,홍길동,"112,700,000","5,600,000","3,400,000",C-P2507-222
2025-07-05,M2507-227,전자문서 유지보수 2025,다라은행,전자문서,유지보수,유지보수,정유지,"156,900,000",0,0,C-M2507-227
2025-07-06,M2507-225,전자문서 유지보수 2025,자차대학교,전자문서,유지보수,유지보수,정유지,"228,700,000",0,0,C-M2507-225
2025-07-07,P2507-221,사아전자 콘텐츠보안 구축,파하증권,콘텐츠보안,구축,MCG,이영업,"307,200,000",0,"15,400,000",C-P2507-221
2025-07-08,P2507-223,다라은행 전자문서 구축,국방연구소,전자문서,구축,MCG,홍길동,"97,200,000",0,0,C-P2507-223
2025-07-27,M2507-226,DRM 유지보수 2025,다라은행,DRM,유지보수,유지보수,정유지,"168,000,000",0,0,C-M2507-226
2025-07-27,M2507-228,DRM 유지보수 2025,마바시청,DRM,유지보수,유지보수,정유지,"89,500,000",0,0,C-M2507-228
2025-08-01,P2508-232,자차대학교 DRM 구축,다라은행,DRM,구축,MCG,홍길동,"408,500,000","40,800,000","20,400,000",C-P2508-232
2025-08-08,M2508-234,DRM 유지보수 2025,카타병원,DRM,유지보수,유지보수,정유지,"200,900,000",0,0,C-M2508-234
2025-08-09,P2508-233,다라은행 영상플랫폼 구축,국방연구소,영상플랫폼,구축,전략실,최전략,"137,600,000","6,900,000","6,900,000",C-P2508-233
2025-08-13,P2508-230,카타병원 DLP 구축,국방연구소,DLP,구축,마케팅실,박해외,"67,700,000",0,0,C-P2508-230
2025-08-18,M2508-237,DLP 유지보수 2025,다라은행,DLP,유지보수,유지보수,정유지,"154,300,000",0,0,C-M2508-237
2025-08-20,P2508-229,가나공사 콘텐츠보안 구축,가나공사,콘텐츠보안,구축,MCG,김영업,"415,100,000","62,300,000","12,500,000",C-P2508-229
2025-08-24,P2508-231,국방연구소 전자문서 구축,자차대학교,전자문서,구축,마케팅실,박해외,"223,100,000","22,300,000","11,200,000",C-P2508-231
2025-08-25,M2508-236,전자문서 유지보수 2025,사아전자,전자문서,유지보수,유지보수,정유지,"127,600,000",0,0,C-M2508-236
2025-08-27,M2508-235,DRM 유지보수 2025,가나공사,DRM,유지보수,유지보수,정유지,"114,300,000",0,0,C-M2508-235
2025-09-09,P2509-242,사아전자 DRM 구축,국방연구소,DRM,구축,MCG,홍길동,"195,100,000",0,"9,800,000",C-P2509-242
2025-09-12,M2509-243,전자문서 유지보수 2025,국방연구소,전자문서,유지보수,유지보수,정유지,"184,000,000",0,0,C-M2509-243
2025-09-15,P2509-238,마바시청 DRM 구축,국방연구소,DRM,구축,MCG,김영업,"209,600,000",0,"10,500,000",C-P2509-238
2025-09-15,P2509-239,마바시청 모바일보안 구축,사아전자,모바일보안,구축,MCG,홍길동,"138,300,000","13,800,000",0,C-P2509-239
2025-09-24,M2509-244,DRM 유지보수 2025,마바시청,DRM,유지보수,유지보수,정유지,"211,800,000",0,0,C-M2509-244
2025-09-26,P2509-240,마바시청 전자문서 구축,가나공사,전자문서,구축,마케팅실,박해외,"317,800,000",0,0,C-P2509-240
2025-09-27,P2509-241,국방연구소 DRM 구축,가나공사,DRM,구축,마케팅실,박해외,"165,000,000",0,"8,200,000",C-P2509-241
2025-10-05,P2510-246,국방연구소 전자문서 구축,가나공사,전자문서,구축,MCG,김영업,"68,300,000","6,800,000","3,400,000",C-P2510-246
2025-10-10,M2510-251,전자문서 유지보수 2025,마바시청,전자문서,유지보수,유지보수,정유지,"198,200,000",0,0,C-M2510-251
2025-10-11,P2510-247,다라은행 DRM 구축,마바시청,DRM,구축,MCG,김영업,"256,500,000",0,0,C-P2510-247
2025-10-13,P2510-248,파하증권 DRM 구축,다라은행,DRM,구축,MCG,김영업,"169,100,000","25,400,000","5,100,000",C-P2510-248
2025-10-13,M2510-253,DRM 유지보수 2025,파하증권,DRM,유지보수,유지보수,정유지,"98,600,000",0,0,C-M2510-253
2025-10-16,P2510-249,자차대학교 모바일보안 구축,자차대학교,모바일보안,구축,MCG,홍길동,"49,300,000","7,400,000",0,C-P2510-249
2025-10-21,M2510-252,전자문서 유지보수 2025,카타병원,전자문서,유지보수,유지보수,정유지,"174,700,000",0,0,C-M2510-252
2025-10-25,P2510-245,마바시청 DRM 구축,다라은행,DRM,구축,전략실,최전략,"140,000,000","14,000,000","7,000,000",C-P2510-245
2025-10-28,M2510-250,전자문서 유지보수 2025,국방연구소,전자문서,유지보수,유지보수,정유지,"238,600,000",0,0,C-M2510-250
2025-11-04,M2511-262,DRM 유지보수 2025,파하증권,DRM,유지보수,유지보수,정유지,"123,800,000",0,0,C-M2511-262
2025-11-06,P2511-256,국방연구소 DRM 구축,카타병원,DRM,구축,MCG,김영업,"225,000,000",0,0,C-P2511-256
2025-11-09,P2511-258,국방연구소 DLP 구축,파하증권,DLP,구축,MCG,김영업,"321,800,000",0,0,C-P2511-258
2025-11-09,M2511-259,전자문서 유지보수 2025,마바시청,전자문서,유지보수,유지보수,정유지,"217,100,000",0,0,C-M2511-259
2025-11-10,M2511-260,DRM 유지보수 2025,파하증권,DRM,유지보수,유지보수,정유지,"75,400,000",0,0,C-M2511-260
2025-11-12,M2511-261,DRM 유지보수 2025,사아전자,DRM,유지보수,유지보수,정유지,"55,100,000",0,0,C-M2511-261
2025-11-13,P2511-254,마바시청 DRM 구축,가나공사,DRM,구축,MCG,김영업,"79,900,000",0,0,C-P2511-254
2025-11-14,P2511-255,사아전자 영상플랫폼 구축,가나공사,영상플랫폼,구축,마케팅실,박해외,"235,100,000","35,300,000","11,800,000",C-P2511-255
2025-11-18,P2511-257,자차대학교 영상플랫폼 구축,국방연구소,영상플랫폼,구축,MCG,이영업,"324,000,000","32,400,000",0,C-P2511-257
2025-12-04,P2512-264,자차대학교 DRM 구축,다라은행,DRM,구축,마케팅실,박해외,"137,900,000","6,900,000",0,C-P2512-264
2025-12-05,M2512-267,영상플랫폼 유지보수 2025,파하증권,영상플랫폼,유지보수,유지보수,정유지,"175,100,000",0,0,C-M2512-267
2025-12-06,P2512-263,마바시청 DRM 구축,마바시청,DRM,구축,MCG,이영업,"161,600,000","16,200,000","4,800,000",C-P2512-263
2025-12-07,P2512-266,마바시청 전자문서 구축,사아전자,전자문서,구축,전략실,최전략,"393,200,000",0,0,C-P2512-266
2025-12-12,M2512-268,DRM 유지보수 2025,마바시청,DRM,유지보수,유지보수,정유지,"229,400,000",0,0,C-M2512-268
2025-12-14,M2512-269,DRM 유지보수 2025,국방연구소,DRM,유지보수,유지보수,정유지,"181,900,000",0,0,C-M2512-269
2025-12-17,P2512-265,파하증권 DRM 구축,다라은행,DRM,구축,MCG,홍길동,"383,100,000",0,"19,200,000",C-P2512-265
2026-01-01,P2601-273,카타병원 위변조방지 구축,국방연구소,위변조방지,구축,마케팅실,박해외,"401,800,000","60,300,000",0,C-P2601-273
2026-01-02,P2601-271,가나공사 영상플랫폼 구축,국방연구소,영상플랫폼,구축,MCG,이영업,"313,300,000",0,"15,700,000",C-P2601-271
2026-01-05,M2601-275,DRM 유지보수 2026,가나공사,DRM,유지보수,유지보수,정유지,"90,800,000",0,0,C-M2601-275
2026-01-08,M2601-278,DRM 유지보수 2026,파하증권,DRM,유지보수,유지보수,정유지,"270,100,000",0,0,C-M2601-278
2026-01-10,P2601-274,다라은행 DRM 구축,파하증권,DRM,구축,MCG,홍길동,"76,000,000","7,600,000",0,C-P2601-274
2026-01-14,P2601-270,다라은행 DRM 구축,마바시청,DRM,구축,MCG,이영업,"60,200,000",0,"3,000,000",C-P2601-270
2026-01-16,P2601-272,가나공사 영상플랫폼 구축,카타병원,영상플랫폼,구축,MCG,홍길동,"418,800,000","62,800,000",0,C-P2601-272
2026-01-25,M2601-276,DRM 유지보수 2026,국방연구소,DRM,유지보수,유지보수,정유지,"151,000,000",0,0,C-M2601-276
2026-01-26,M2601-277,DRM 유지보수 2026,가나공사,DRM,유지보수,유지보수,정유지,"275,800,000",0,0,C-M2601-277
2026-02-05,P2602-282,다라은행 영상플랫폼 구축,파하증권,영상플랫폼,구축,MCG,홍길동,"206,300,000","20,600,000",0,C-P2602-282
2026-02-06,P2602-279,자차대학교 모바일보안 구축,사아전자,모바일보안,구축,전략실,최전략,"68,400,000","6,800,000","2,100,000",C-P2602-279
2026-02-13,M2602-285,영상플랫폼 유지보수 2026,다라은행,영상플랫폼,유지보수,유지보수,정유지,"290,700,000",0,0,C-M2602-285
2026-02-16,P2602-280,가나공사 모바일보안 구축,다라은행,모바일보안,구축,MCG,이영업,"144,800,000",0,"4,300,000",C-P2602-280
2026-02-16,P2602-281,카타병원 위변조방지 구축,파하증권,위변조방지,구축,전략실,최전략,"378,500,000","37,800,000",0,C-P2602-281
2026-02-16,M2602-286,위변조방지 유지보수 2026,다라은행,위변조방지,유지보수,유지보수,정유지,"143,600,000",0,0,C-M2602-286
2026-02-20,P2511-901,사아전자 DRM 구축 (감액 변경계약),사아전자,DRM,구축,MCG,홍길동,"-45,000,000",0,0,C-P2511-901-1
2026-02-24,M2602-284,위변조방지 유지보수 2026,다라은행,위변조방지,유지보수,유지보수,정유지,"61,600,000",0,0,C-M2602-284
2026-02-25,P2602-283,마바시청 DRM 구축,국방연구소,DRM,구축,MCG,김영업,"296,400,000","14,800,000",0,C-P2602-283
2026-03-05,P2603-287,마바시청 위변조방지 구축,사아전자,위변조방지,구축,마케팅실,박해외,"311,400,000","15,600,000","15,600,000",C-P2603-287
2026-03-05,M2603-291,DRM 유지보수 2026,가나공사,DRM,유지보수,유지보수,정유지,"90,500,000",0,0,C-M2603-291
2026-03-12,M2603-292,위변조방지 유지보수 2026,자차대학교,위변조방지,유지보수,유지보수,정유지,"184,300,000",0,0,C-M2603-292
2026-03-14,M2603-293,DRM 유지보수 2026,사아전자,DRM,유지보수,유지보수,정유지,"132,800,000",0,0,C-M2603-293
2026-03-20,P2603-289,가나공사 DRM 구축,가나공사,DRM,구축,마케팅실,박해외,"61,800,000","6,200,000","3,100,000",C-P2603-289
2026-03-24,P2603-288,파하증권 영상플랫폼 구축,파하증권,영상플랫폼,구축,MCG,김영업,"210,700,000",0,0,C-P2603-288
2026-03-24,P2603-290,국방연구소 DRM 구축,파하증권,DRM,구축,MCG,이영업,"369,800,000","37,000,000",0,C-P2603-290
2026-03-26,M2603-294,위변조방지 유지보수 2026,파하증권,위변조방지,유지보수,유지보수,정유지,"75,600,000",0,0,C-M2603-294
